{
    "data": {
        "inputMin": [
            319.4696044921875,
            30.18458366394043,
            327.438232421875,
            10.530569076538086,
            306.4488525390625,
            10.7066650390625,
            335.5096435546875,
            23.039833068847656,
            286.3388671875,
            30.98137092590332,
            356.4778747558594,
            126.38156127929688,
            251.9442901611328,
            118.33487701416016,
            376.4639892578125,
            84.92510986328125,
            165.7432861328125,
            108.5020980834961,
            345.322021484375,
            17.605144500732422,
            46.854801177978516,
            22.116735458374023,
            348.14898681640625,
            321.2984313964844,
            270.60870361328125,
            321.6990051269531,
            330.92791748046875,
            437.1748962402344,
            212.16184997558594,
            386.8525390625,
            316.58026123046875,
            512.5167236328125,
            216.3643035888672,
            502.3125305175781
        ],
        "inputMax": [
            382.8980407714844,
            151.1450958251953,
            395.6105651855469,
            143.9462127685547,
            371.1310729980469,
            138.48797607421875,
            407.468505859375,
            148.3921661376953,
            350.4848937988281,
            148.74256896972656,
            435.5538024902344,
            195.8893585205078,
            326.5222473144531,
            195.2064208984375,
            534.4718017578125,
            285.83465576171875,
            304.14794921875,
            274.5665283203125,
            624.510009765625,
            337.625244140625,
            353.4684143066406,
            367.2563171386719,
            451.24945068359375,
            398.96875,
            347.9870300292969,
            385.87396240234375,
            421.70013427734375,
            540.2459716796875,
            357.2105407714844,
            542.6824340820312,
            417.1340026855469,
            563.517333984375,
            364.44329833984375,
            561.9794311523438
        ],
        "outputMin": 0,
        "outputMax": 1
    },
    "meta": {
        "inputUnits": 34,
        "outputUnits": 4,
        "inputs": {
            "input0": {
                "dtype": "number"
            },
            "input1": {
                "dtype": "number"
            },
            "input2": {
                "dtype": "number"
            },
            "input3": {
                "dtype": "number"
            },
            "input4": {
                "dtype": "number"
            },
            "input5": {
                "dtype": "number"
            },
            "input6": {
                "dtype": "number"
            },
            "input7": {
                "dtype": "number"
            },
            "input8": {
                "dtype": "number"
            },
            "input9": {
                "dtype": "number"
            },
            "input10": {
                "dtype": "number"
            },
            "input11": {
                "dtype": "number"
            },
            "input12": {
                "dtype": "number"
            },
            "input13": {
                "dtype": "number"
            },
            "input14": {
                "dtype": "number"
            },
            "input15": {
                "dtype": "number"
            },
            "input16": {
                "dtype": "number"
            },
            "input17": {
                "dtype": "number"
            },
            "input18": {
                "dtype": "number"
            },
            "input19": {
                "dtype": "number"
            },
            "input20": {
                "dtype": "number"
            },
            "input21": {
                "dtype": "number"
            },
            "input22": {
                "dtype": "number"
            },
            "input23": {
                "dtype": "number"
            },
            "input24": {
                "dtype": "number"
            },
            "input25": {
                "dtype": "number"
            },
            "input26": {
                "dtype": "number"
            },
            "input27": {
                "dtype": "number"
            },
            "input28": {
                "dtype": "number"
            },
            "input29": {
                "dtype": "number"
            },
            "input30": {
                "dtype": "number"
            },
            "input31": {
                "dtype": "number"
            },
            "input32": {
                "dtype": "number"
            },
            "input33": {
                "dtype": "number"
            }
        },
        "outputs": {
            "output0": {
                "dtype": "string",
                "uniqueValues": [
                    "1",
                    "2",
                    "3",
                    "4"
                ],
                "legend": {
                    "1": [
                        1,
                        0,
                        0,
                        0
                    ],
                    "2": [
                        0,
                        1,
                        0,
                        0
                    ],
                    "3": [
                        0,
                        0,
                        1,
                        0
                    ],
                    "4": [
                        0,
                        0,
                        0,
                        1
                    ]
                }
            }
        },
        "isNormalized": true
    }
}